datasetNumber, Accuracy,
0, 90.55900621118013,
1, 91.18012422360249,
2, 91.92546583850931,
3, 90.43478260869566,
4, 92.54658385093167,
