datasetNumber, Accuracy,
0, 90.43478260869566,
1, 90.93167701863354,
2, 91.30434782608695,
3, 90.31055900621118,
4, 90.93167701863354,
