datasetNumber, Accuracy,
0, 90.1863354037267,
1, 90.93167701863354,
2, 92.04968944099379,
3, 90.31055900621118,
4, 90.6832298136646,
