datasetNumber, Accuracy,
0, 90.6832298136646,
1, 91.5527950310559,
2, 90.93167701863354,
3, 91.67701863354037,
4, 90.93167701863354,
