datasetNumber, Accuracy,
0, 91.67701863354037,
1, 90.6832298136646,
2, 92.29813664596274,
3, 89.81366459627328,
4, 91.05590062111801,
