datasetNumber, Accuracy,
0, 89.93788819875776,
1, 91.5527950310559,
2, 92.79503105590062,
3, 91.5527950310559,
4, 91.80124223602485,
